{
  "citations" : [
    {
      "id" : 15172248,
      "title" : "Dutch Pharmacogenetics Working Group (DPWG) guideline for the gene-drug interaction between SLCO1B1 and statins and CYP2C9 and sulfonylureas.",
      "_sameAs" : "https://www.ncbi.nlm.nih.gov/pubmed/39676086",
      "authors" : [
        "Wolthuis David F G J",
        "Nijenhuis Marga",
        "Soree Bianca",
        "de Boer-Veger Nienke J",
        "Buunk Anne Marie",
        "Guchelaar Henk-Jan",
        "Risselada Arne",
        "Rongen Gerard A P J M",
        "van Schaik Ron H N",
        "Swen Jesse J",
        "Touw Daan J",
        "van Westrhenen Roos",
        "Deneer Vera H M",
        "Houwink Elisa J F"
      ],
      "crossReferences" : [
        {
          "id" : 1452790889,
          "resource" : "PubMed",
          "resourceId" : "39676086",
          "_url" : "https://www.ncbi.nlm.nih.gov/pubmed/39676086",
          "version" : 0
        },
        {
          "id" : 1452790890,
          "resource" : "DOI",
          "resourceId" : "10.1038/s41431-024-01769-7",
          "_url" : "http://dx.doi.org/10.1038%2Fs41431-024-01769-7",
          "version" : 0
        }
      ],
      "day" : -1,
      "hasKeyword" : true,
      "journal" : "European journal of human genetics : EJHG",
      "meshTerms" : [],
      "month" : 12,
      "nonHuman" : false,
      "objCls" : "Literature",
      "pediatric" : false,
      "pgkbPublication" : false,
      "pubDate" : "2024-12-01T00:00:00-08:00",
      "pubmedMeshTerms" : [],
      "summary" : "Aligned with the mission of the Dutch Pharmacogenetics Working Group (DPWG) to promote the implementation of pharmacogenetics (PGx), this guideline is specifically designed to optimize pharmacotherapy of cholesterol lowering medication (statins) and glucose lowering medication (sulfonylureas). The SLCO1B1 c.521 T &gt; C variant reduces the activity of the SLCO1B1 transporter involved in statin transport out of the blood into the liver. High blood concentrations of statins increase the risk of serious myopathy. For simvastatin, the DPWG recommends choosing an alternative in homozygotes for these gene variant and to preferably choose an alternative in heterozygotes. For atorvastatin, the DPWG recommends to preferably choose an alternative in carriers of this gene variant having additional risk factors for myopathy. For rosuvastatin, the DPWG recommends keeping the dose as low as possible in carriers of this gene variant with additional risk factors. No therapy adjustment is required for fluvastatin and pravastatin in carriers of this gene variant. Gene variants can diminish the activity of the enzyme CYP2C9, that converts sulfonylurea to less effective metabolites. Although CYP2C9 gene variants may lead to increased levels of glibenclamide, gliclazide, glimepiride, and tolbutamide, no therapy adjustments are required in patients with these variants. The main reason is that there was either no negative clinical effect or an increase in hypoglycemic, which is of less importance than the increase in effectiveness it signals. The DPWG classifies pre-emptive SLCO1B1 testing as 'essential' for simvastatin 80 mg/day, 'beneficial' for simvastatin up to 40 mg/day, and 'potentially beneficial' for atorvastatin and rosuvastatin.",
      "terms" : [
        {"id":1451577480,"resource":"PGx Paper Types","term":"Implementation","termId":"pgxPaperTypes:1451577480"}
      ],
      "type" : "Literature",
      "version" : 2,
      "year" : 2024
    },
    {
      "id" : 7283333,
      "title" : "Pharmacogenetics: from bench to byte--an update of guidelines.",
      "_sameAs" : "https://www.ncbi.nlm.nih.gov/pubmed/21412232",
      "authors" : [
        "Swen J J",
        "Nijenhuis M",
        "de Boer A",
        "Grandia L",
        "Maitland-van der Zee A H",
        "Mulder H",
        "Rongen G A P J M",
        "van Schaik R H N",
        "Schalekamp T",
        "Touw D J",
        "van der Weide J",
        "Wilffert B",
        "Deneer V H M",
        "Guchelaar H-J"
      ],
      "crossReferences" : [
        {
          "id" : 769250885,
          "resource" : "PubMed",
          "resourceId" : "21412232",
          "_url" : "https://www.ncbi.nlm.nih.gov/pubmed/21412232",
          "version" : 0
        },
        {
          "id" : 1449247827,
          "resource" : "DOI",
          "resourceId" : "10.1038/clpt.2011.34",
          "_url" : "http://dx.doi.org/10.1038%2Fclpt.2011.34",
          "version" : 0
        }
      ],
      "day" : -1,
      "hasKeyword" : true,
      "journal" : "Clinical pharmacology and therapeutics",
      "meshTerms" : [
        "Animals",
        "Aryl Hydrocarbon Hydroxylases",
        "Cytochrome P-450 CYP2C9",
        "Drug Administration Schedule",
        "Drug-Related Side Effects and Adverse Reactions",
        "Humans",
        "Pharmaceutical Preparations",
        "Pharmacogenetics",
        "Practice Guidelines as Topic"
      ],
      "month" : 5,
      "nonHuman" : false,
      "objCls" : "Literature",
      "page" : "662-73",
      "pediatric" : false,
      "pgkbPublication" : false,
      "pubDate" : "2011-05-01T00:00:00-07:00",
      "pubmedMeshTerms" : [],
      "summary" : "Currently, there are very few guidelines linking the results of pharmacogenetic tests to specific therapeutic recommendations. Therefore, the Royal Dutch Association for the Advancement of Pharmacy established the Pharmacogenetics Working Group with the objective of developing pharmacogenetics-based therapeutic (dose) recommendations. After systematic review of the literature, recommendations were developed for 53 drugs associated with genes coding for CYP2D6, CYP2C19, CYP2C9, thiopurine-S-methyltransferase (TPMT), dihydropyrimidine dehydrogenase (DPD), vitamin K epoxide reductase (VKORC1), uridine diphosphate glucuronosyltransferase 1A1 (UGT1A1), HLA-B44, HLA-B*5701, CYP3A5, and factor V Leiden (FVL).",
      "terms" : [],
      "type" : "Literature",
      "version" : 4,
      "volume" : "89",
      "year" : 2011
    }
  ],
  "guideline" : {
    "objCls" : "Guideline Annotation",
    "id" : "PA166104986",
    "name" : "Annotation of DPWG Guideline for tolbutamide and CYP2C9",
    "alternateDrugAvailable" : false,
    "cancerGenome" : false,
    "crossReferences" : [],
    "dosingInformation" : false,
    "hasTestingInfo" : false,
    "history" : [
      {
        "id" : 1183704541,
        "date" : "2011-08-10T00:00:00-07:00",
        "type" : "Create",
        "version" : 0
      },
      {
        "id" : 1450415077,
        "date" : "2019-05-23T16:44:38.917-07:00",
        "description" : "Annotation current with November 2018 DPWG Guideline release",
        "type" : "Update",
        "version" : 0
      },
      {
        "id" : 1450820679,
        "date" : "2019-10-03T16:30:44.974-07:00",
        "description" : "No changes based on August 2019 guidelines",
        "type" : "Update",
        "version" : 0
      },
      {
        "id" : 1450956500,
        "date" : "2020-01-31T14:20:45.063-08:00",
        "description" : "Updated link to 2011 DPWG methods",
        "type" : "Update",
        "version" : 0
      },
      {
        "id" : 1450963940,
        "date" : "2020-02-11T08:11:05.625-08:00",
        "description" : "Fixed links to 2018 guideline pdfs.",
        "type" : "Update",
        "version" : 0
      },
      {
        "id" : 1451704225,
        "date" : "2022-03-03T16:33:31.045-08:00",
        "description" : "Annotation current with May 2021 DPWG Guideline release",
        "type" : "Note",
        "version" : 0
      },
      {
        "id" : 1451732865,
        "date" : "2022-03-28T09:57:44.922-07:00",
        "description" : "Annotation current with February 2022 DPWG guideline release",
        "type" : "Note",
        "version" : 0
      },
      {
        "id" : 1451884760,
        "date" : "2022-09-16T14:48:10.838-07:00",
        "description" : "Fixed link to gene information document and added explanatory note",
        "type" : "Update",
        "version" : 0
      },
      {
        "id" : 1452146532,
        "date" : "2023-07-03T13:40:13.417-07:00",
        "description" : "Annotation current with May 2023 DPWG Guideline release",
        "type" : "Note",
        "version" : 0
      },
      {
        "id" : 1452410920,
        "date" : "2024-03-18T07:42:52.827-07:00",
        "description" : "Updated links for risk analysis pdf.",
        "type" : "Update",
        "version" : 0
      },
      {
        "id" : 1452424761,
        "date" : "2024-03-29T11:56:04.123-07:00",
        "description" : "Removed message about gene information document availability.",
        "type" : "Update",
        "version" : 0
      },
      {
        "id" : 1452820403,
        "date" : "2025-01-21T06:52:55.868-08:00",
        "description" : "Added text and link for PMID:39676086",
        "type" : "Update",
        "version" : 0
      }
    ],
    "literature" : [
      {"id":15172248,"title":"Dutch Pharmacogenetics Working Group (DPWG) guideline for the gene-drug interaction between SLCO1B1 and statins and CYP2C9 and sulfonylureas.","_sameAs":"https://www.ncbi.nlm.nih.gov/pubmed/39676086","crossReferences":[{"id":1452790889,"resource":"PubMed","resourceId":"39676086","_url":"https://www.ncbi.nlm.nih.gov/pubmed/39676086"},{"id":1452790890,"resource":"DOI","resourceId":"10.1038/s41431-024-01769-7","_url":"http://dx.doi.org/10.1038%2Fs41431-024-01769-7"}],"objCls":"Literature","pubDate":"2024-12-01T00:00:00-08:00","terms":[{"id":1451577480,"resource":"PGx Paper Types","term":"Implementation","termId":"pgxPaperTypes:1451577480"}],"type":"Literature"},
      {"id":7283333,"title":"Pharmacogenetics: from bench to byte--an update of guidelines.","_sameAs":"https://www.ncbi.nlm.nih.gov/pubmed/21412232","crossReferences":[{"id":769250885,"resource":"PubMed","resourceId":"21412232","_url":"https://www.ncbi.nlm.nih.gov/pubmed/21412232"},{"id":1449247827,"resource":"DOI","resourceId":"10.1038/clpt.2011.34","_url":"http://dx.doi.org/10.1038%2Fclpt.2011.34"}],"objCls":"Literature","pubDate":"2011-05-01T00:00:00-07:00","terms":[],"type":"Literature"},
      {"id":15103288,"title":"Dutch Pharmacogenetics Working Group Guidelines August 2019","_sameAs":"https://api.pharmgkb.org/v1/preview/download/file/attachment/DPWG_August_2019.pdf","crossReferences":[{"id":1450815695,"resource":"URL","resourceId":"https://api.pharmgkb.org/v1/preview/download/file/attachment/DPWG_August_2019.pdf","_url":"https://api.pharmgkb.org/v1/preview/download/file/attachment/DPWG_August_2019.pdf"}],"objCls":"Literature","terms":[],"type":"Literature"},
      {"id":15102465,"title":"Dutch Pharmacogenetics Working Group Guidelines November 2018","_sameAs":"https://api.pharmgkb.org/v1/preview/download/file/attachment/DPWG_November_2018.pdf","crossReferences":[{"id":1450415575,"resource":"URL","resourceId":"https://api.pharmgkb.org/v1/preview/download/file/attachment/DPWG_November_2018.pdf","_url":"https://api.pharmgkb.org/v1/preview/download/file/attachment/DPWG_November_2018.pdf"}],"objCls":"Literature","terms":[],"type":"Literature"}
    ],
    "otherPrescribingGuidance" : false,
    "pediatric" : false,
    "recommendation" : false,
    "relatedAlleles" : [],
    "relatedChemicals" : [
      {
        "objCls" : "Chemical",
        "id" : "PA451718",
        "name" : "tolbutamide",
        "version" : 12
      }
    ],
    "relatedGenes" : [
      {
        "objCls" : "Gene",
        "id" : "PA126",
        "symbol" : "CYP2C9",
        "name" : "cytochrome P450 family 2 subfamily C member 9",
        "version" : 7877
      }
    ],
    "source" : "DPWG",
    "summaryMarkdown" : {
      "id" : 1447981982,
      "html" : "<p>There are currently no dosing recommendations for tolbutamide based on <em>CYP2C9</em> genotype.</p>\n",
      "version" : 0
    },
    "terms" : [],
    "textMarkdown" : {
      "id" : 1447981981,
      "html" : "<h3 id=\"dutch-pharmacogenetics-working-group-dpwg-guideline-for-the-gene-drug-interaction-between-slco1b1-and-statins-and-cyp2c9-and-sulfonylureas-european-journal-of-human-genetics-2024\">Dutch Pharmacogenetics Working Group (DPWG) guideline for the gene-drug interaction between SLCO1B1 and statins and CYP2C9 and sulfonylureas. <em>European journal of human genetics (2024)</em></h3>\n<p>The Royal Dutch Pharmacists Association - Pharmacogenetics Working Group published a paper with the guidelines as per the November 2018 update with no therapeutic recommendation for tolbutamide based on CYP2C9 genotype. [Article:<a href=\"/pmid/39676086\">39676086</a>].</p>\n<h3 id=\"november-2018-update\">November 2018 Update</h3>\n<p>The Royal Dutch Pharmacists Association - Pharmacogenetics Working Group (DPWG) has evaluated therapeutic dose recommendations for tolbutamide based on CYP2C9 genotypes. They conclude that no action is needed for this gene-drug interaction. See the <a download=\"DPWG_November_2018.pdf\" href=\"https://api.clinpgx.org/v1/download/file/attachment/DPWG_November_2018.pdf\">Dutch guidelines November 2018 update</a>.</p>\n<p><a download=\"DPWG_CYP2C9_tolbutamide_1898-to-1904.pdf\" href=\"https://api.clinpgx.org/v1/download/file/attachment/DPWG_CYP2C9_tolbutamide_1898-to-1904.pdf\">Read for more information about this recommendation</a>, <a download=\"CYP2C9.pdf\" href=\"https://api.clinpgx.org/v1/download/file/attachment/CYP2C9.pdf\">Read about gene information from DPWG</a></p>\n<h3 id=\"2011-guideline\">2011 Guideline</h3>\n<p>The Royal Dutch Association for the Advancement of Pharmacy - Pharmacogenetics Working Group has evaluated therapeutic dose recommendations for tolbutamide based on <em>CYP2C9</em> genotype [Article:<a href=\"/pmid/21412232\">21412232</a>].They concluded that there are no recommendations at this time.</p>\n<table class=\"table\">\n<thead>\n<tr>\n<th>Genotype</th>\n<th>Therapeutic Dose Recommendation</th>\n<th>Level of Evidence</th>\n<th>Clinical Relevance</th>\n</tr>\n</thead>\n<tbody>\n<tr>\n<td>CYP2C9 *1/*2</td>\n<td>None</td>\n<td>Published controlled studies of moderate quality* relating to phenotyped and/or genotyped patients or healthy volunteers, and having relevant pharmacokinetic or clinical endpoints.</td>\n<td>Clinical effect (NS) Kinetic effect (NS)</td>\n</tr>\n<tr>\n<td>CYP2C9 *2/*2</td>\n<td>None</td>\n<td>Published controlled studies of moderate quality* relating to phenotyped and/or genotyped patients or healthy volunteers, and having relevant pharmacokinetic or clinical endpoints.</td>\n<td>Clinical effect (NS) Kinetic effect (NS)</td>\n</tr>\n<tr>\n<td>CYP2C9 *1/*3</td>\n<td>None</td>\n<td>Published controlled studies of moderate quality* relating to phenotyped and/or genotyped patients or healthy volunteers, and having relevant pharmacokinetic or clinical endpoints.</td>\n<td>Clinical effect (S): short-lived discomfort (&lt; 48 hr) without permanent injury: e.g. reduced decrease in resting heart rate; reduction in exercise tachycardia; decreased pain relief from oxycodone; ADE resulting from increased bioavailability of atomoxetine (decreased appetite, insomnia, sleep disturbance etc); neutropenia &gt; 1.5x10<sup>9</sup>/l; leucopenia &gt; 3.0x10<sup>9</sup>/l; thrombocytopenia  &gt; 75x10<sup>9</sup>/l; moderate diarrhea not affecting daily activities; reduced glucose increase following oral glucose tolerance test.</td>\n</tr>\n<tr>\n<td>CYP2C9 *2/*3</td>\n<td>None</td>\n<td>Published controlled studies of moderate quality* relating to phenotyped and/or genotyped patients or healthy volunteers, and having relevant pharmacokinetic or clinical endpoints.</td>\n<td>Clinical effect (NS) Kinetic effect (NS)</td>\n</tr>\n<tr>\n<td>CYP2C9 *3/*3</td>\n<td>None</td>\n<td>Published controlled studies of moderate quality* relating to phenotyped and/or genotyped patients or healthy volunteers, and having relevant pharmacokinetic or clinical endpoints.</td>\n<td>Minor clinical effect (S): QTc prolongation (&lt;450 ms females, &lt;470 ms males); INR increase &lt; 4.5</td>\n</tr>\n</tbody>\n</table>\n<p>Kinetic effect (S) |</p>\n<ul>\n<li>*See <a href=\"/page/dpwg\">Methods </a> or [Article:<a href=\"/pmid/18253145\">18253145</a>] for definition of &quot;moderate&quot; quality.</li>\n<li>S: statistically significant difference.</li>\n</ul>\n",
      "version" : 17
    },
    "version" : 28
  }
}