{
  "citations" : [
    {
      "id" : 15329722,
      "title" : "Dutch Pharmacogenetics Working Group (DPWG) guideline for the gene-drug interaction between CYP2D6 and CYP2C19 and tricyclic antidepressants.",
      "_sameAs" : "https://www.ncbi.nlm.nih.gov/pubmed/41526670",
      "authors" : [
        "Kleine Schaars Kristian",
        "Nijenhuis Marga",
        "Soree Bianca",
        "de Boer-Veger Nienke J",
        "Buunk Anne-Marie",
        "Guchelaar Henk-Jan",
        "Houwink Elisa J F",
        "Risselada Arne",
        "Rongen Gerard A P J M",
        "van Schaik Ron H N",
        "Swen Jesse J",
        "Touw Daan",
        "Deneer Vera H M",
        "van Westrhenen Roos"
      ],
      "crossReferences" : [
        {
          "id" : 1454631360,
          "resource" : "PubMed",
          "resourceId" : "41526670",
          "_url" : "https://www.ncbi.nlm.nih.gov/pubmed/41526670",
          "version" : 0
        },
        {
          "id" : 1454631361,
          "resource" : "DOI",
          "resourceId" : "10.1038/s41431-025-02008-3",
          "_url" : "http://dx.doi.org/10.1038%2Fs41431-025-02008-3",
          "version" : 0
        }
      ],
      "day" : -1,
      "hasKeyword" : true,
      "journal" : "European journal of human genetics : EJHG",
      "meshTerms" : [],
      "month" : 1,
      "nonHuman" : false,
      "objCls" : "Literature",
      "pediatric" : false,
      "pgkbPublication" : false,
      "pubDate" : "2026-01-01T00:00:00-08:00",
      "pubmedMeshTerms" : [],
      "summary" : "The Dutch Pharmacogenetic Working Group (DPWG) aims to integrate pharmacogenetics into clinical practice by creating evidence-based guidelines to optimize pharmacotherapy based on genetic tests. The current guideline describes the gene-drug interactions between CYP2D6 and CYP2C19 and various tricyclic antidepressants (TCAs). For CYP2D6 poor metabolisers (PM), dose reductions are advised for amitriptyline (reduction to 60% of the normal dose), clomipramine (reduction to 50% of the normal dose for the indication depression or in case of side effects at the normal dose for the other indications), doxepin (reduction to 40% of normal dose), imipramine (30% of the normal dose), and nortriptyline (40%). For CYP2D6 intermediate metabolisers (IM) reduced dose is also recommended for amitriptyline (75%), clomipramine (70%), doxepin (80%), imipramine (70%), and nortriptyline (60%). Also, CYP2D6 ultra-rapid metabolisers (UM) require tailored dose adjustments: amitriptyline (1.6 times the normal dose), clomipramine (1.5 times), doxepin (2 times), imipramine (1.7 times), and nortriptyline (1.7 times). Additionally, alternative drugs may be needed for CYP2D6 UM due to potential safety concerns. For CYP2C19 PM, a 70% dose reduction is advised for imipramine. For CYP2C19 IM, no action is required for TCAs. For CYP2C19 UM, an alternative medication is recommended for clomipramine prescribed for anxiety and obsessive-compulsive disorder (OCD). The DPWG classifies CYP2D6 genotyping for all five TCAs and CYP2C19 genotyping for clomipramine in patients with anxiety disorders or OCD, and for imipramine as being \"potentially beneficial\". Genotyping prior to treatment can be considered on an individual patient basis.",
      "terms" : [
        {"id":1451577480,"resource":"PGx Paper Types","term":"Implementation","termId":"pgxPaperTypes:1451577480"}
      ],
      "type" : "Literature",
      "version" : 2,
      "year" : 2026
    },
    {
      "id" : 7283333,
      "title" : "Pharmacogenetics: from bench to byte--an update of guidelines.",
      "_sameAs" : "https://www.ncbi.nlm.nih.gov/pubmed/21412232",
      "authors" : [
        "Swen J J",
        "Nijenhuis M",
        "de Boer A",
        "Grandia L",
        "Maitland-van der Zee A H",
        "Mulder H",
        "Rongen G A P J M",
        "van Schaik R H N",
        "Schalekamp T",
        "Touw D J",
        "van der Weide J",
        "Wilffert B",
        "Deneer V H M",
        "Guchelaar H-J"
      ],
      "crossReferences" : [
        {
          "id" : 769250885,
          "resource" : "PubMed",
          "resourceId" : "21412232",
          "_url" : "https://www.ncbi.nlm.nih.gov/pubmed/21412232",
          "version" : 0
        },
        {
          "id" : 1449247827,
          "resource" : "DOI",
          "resourceId" : "10.1038/clpt.2011.34",
          "_url" : "http://dx.doi.org/10.1038%2Fclpt.2011.34",
          "version" : 0
        }
      ],
      "day" : -1,
      "hasKeyword" : true,
      "journal" : "Clinical pharmacology and therapeutics",
      "meshTerms" : [
        "Animals",
        "Aryl Hydrocarbon Hydroxylases",
        "Cytochrome P-450 CYP2C9",
        "Drug Administration Schedule",
        "Drug-Related Side Effects and Adverse Reactions",
        "Humans",
        "Pharmaceutical Preparations",
        "Pharmacogenetics",
        "Practice Guidelines as Topic"
      ],
      "month" : 5,
      "nonHuman" : false,
      "objCls" : "Literature",
      "page" : "662-73",
      "pediatric" : false,
      "pgkbPublication" : false,
      "pubDate" : "2011-05-01T00:00:00-07:00",
      "pubmedMeshTerms" : [],
      "summary" : "Currently, there are very few guidelines linking the results of pharmacogenetic tests to specific therapeutic recommendations. Therefore, the Royal Dutch Association for the Advancement of Pharmacy established the Pharmacogenetics Working Group with the objective of developing pharmacogenetics-based therapeutic (dose) recommendations. After systematic review of the literature, recommendations were developed for 53 drugs associated with genes coding for CYP2D6, CYP2C19, CYP2C9, thiopurine-S-methyltransferase (TPMT), dihydropyrimidine dehydrogenase (DPD), vitamin K epoxide reductase (VKORC1), uridine diphosphate glucuronosyltransferase 1A1 (UGT1A1), HLA-B44, HLA-B*5701, CYP3A5, and factor V Leiden (FVL).",
      "terms" : [],
      "type" : "Literature",
      "version" : 4,
      "volume" : "89",
      "year" : 2011
    }
  ],
  "guideline" : {
    "objCls" : "Guideline Annotation",
    "id" : "PA166104964",
    "name" : "Annotation of DPWG Guideline for clomipramine and CYP2D6",
    "alternateDrugAvailable" : true,
    "cancerGenome" : false,
    "crossReferences" : [],
    "dosingInformation" : true,
    "hasTestingInfo" : true,
    "history" : [
      {
        "id" : 1183704455,
        "date" : "2011-08-10T00:00:00-07:00",
        "type" : "Create",
        "version" : 0
      },
      {
        "id" : 1450415092,
        "date" : "2019-05-23T20:29:59.032-07:00",
        "description" : "Annotation current with November 2018 DPWG Guideline release",
        "type" : "Update",
        "version" : 0
      },
      {
        "id" : 1450820778,
        "date" : "2019-10-06T22:31:16.519-07:00",
        "description" : "August 2019 Guideline update",
        "type" : "Update",
        "version" : 0
      },
      {
        "id" : 1450956300,
        "date" : "2020-01-31T13:22:12.315-08:00",
        "description" : "Updated link to 2011 DPWG methods",
        "type" : "Update",
        "version" : 0
      },
      {
        "id" : 1450962742,
        "date" : "2020-02-10T10:49:01.846-08:00",
        "description" : "Fixed links to 2019 guideline pdfs. 2018 link already went to attachment.",
        "type" : "Update",
        "version" : 0
      },
      {
        "id" : 1451109120,
        "date" : "2020-04-14T00:00:00-07:00",
        "description" : "Corrected description and recommendation for CYP2D6 UMs",
        "type" : "Update",
        "version" : 0
      },
      {
        "id" : 1451431304,
        "date" : "2021-05-04T00:00:00-07:00",
        "description" : "Added extended dosing",
        "type" : "Update",
        "version" : 0
      },
      {
        "id" : 1451704208,
        "date" : "2022-03-03T16:33:27.785-08:00",
        "description" : "Annotation current with May 2021 DPWG Guideline release",
        "type" : "Note",
        "version" : 0
      },
      {
        "id" : 1451706260,
        "date" : "2022-03-07T15:55:03.676-08:00",
        "description" : "Added information about preemptive genotyping",
        "type" : "Update",
        "version" : 0
      },
      {
        "id" : 1451732848,
        "date" : "2022-03-28T09:57:41.440-07:00",
        "description" : "Annotation current with February 2022 DPWG guideline release",
        "type" : "Note",
        "version" : 0
      },
      {
        "id" : 1451733302,
        "date" : "2022-03-28T14:35:55.031-07:00",
        "description" : "Updated link to testing guidance page",
        "type" : "Update",
        "version" : 0
      },
      {
        "id" : 1451741471,
        "date" : "2022-04-05T11:12:05.345-07:00",
        "description" : "Added testing guidance tag",
        "type" : "Update",
        "version" : 0
      },
      {
        "id" : 1451884160,
        "date" : "2022-09-16T09:54:56.272-07:00",
        "description" : "Fixed link to gene information document and added explanatory note",
        "type" : "Update",
        "version" : 0
      },
      {
        "id" : 1452084406,
        "date" : "2023-04-28T18:51:57.788-07:00",
        "description" : "Updated allele function assignment",
        "type" : "Update",
        "version" : 0
      },
      {
        "id" : 1452084605,
        "date" : "2023-04-28T19:05:03.336-07:00",
        "description" : "Updated allele function assignment",
        "type" : "Update",
        "version" : 0
      },
      {
        "id" : 1452146444,
        "date" : "2023-07-03T13:39:46.015-07:00",
        "description" : "Annotation current with May 2023 DPWG Guideline release",
        "type" : "Note",
        "version" : 0
      },
      {
        "id" : 1452408160,
        "date" : "2024-03-14T07:00:18.471-07:00",
        "description" : "Updated links for risk analysis pdf and preemptive testing page.",
        "type" : "Update",
        "version" : 0
      },
      {
        "id" : 1454439780,
        "date" : "2025-11-11T13:15:25.051-08:00",
        "description" : "updated recommendation based on document downloaded 111125",
        "type" : "Update",
        "version" : 0
      },
      {
        "id" : 1454632580,
        "date" : "2026-01-20T09:55:35.495-08:00",
        "description" : "Added section for new publication and linked PMID 41526670",
        "type" : "Update",
        "version" : 0
      }
    ],
    "literature" : [
      {"id":15329722,"title":"Dutch Pharmacogenetics Working Group (DPWG) guideline for the gene-drug interaction between CYP2D6 and CYP2C19 and tricyclic antidepressants.","_sameAs":"https://www.ncbi.nlm.nih.gov/pubmed/41526670","crossReferences":[{"id":1454631360,"resource":"PubMed","resourceId":"41526670","_url":"https://www.ncbi.nlm.nih.gov/pubmed/41526670"},{"id":1454631361,"resource":"DOI","resourceId":"10.1038/s41431-025-02008-3","_url":"http://dx.doi.org/10.1038%2Fs41431-025-02008-3"}],"objCls":"Literature","pubDate":"2026-01-01T00:00:00-08:00","terms":[{"id":1451577480,"resource":"PGx Paper Types","term":"Implementation","termId":"pgxPaperTypes:1451577480"}],"type":"Literature"},
      {"id":7283333,"title":"Pharmacogenetics: from bench to byte--an update of guidelines.","_sameAs":"https://www.ncbi.nlm.nih.gov/pubmed/21412232","crossReferences":[{"id":769250885,"resource":"PubMed","resourceId":"21412232","_url":"https://www.ncbi.nlm.nih.gov/pubmed/21412232"},{"id":1449247827,"resource":"DOI","resourceId":"10.1038/clpt.2011.34","_url":"http://dx.doi.org/10.1038%2Fclpt.2011.34"}],"objCls":"Literature","pubDate":"2011-05-01T00:00:00-07:00","terms":[],"type":"Literature"},
      {"id":15103288,"title":"Dutch Pharmacogenetics Working Group Guidelines August 2019","_sameAs":"https://api.pharmgkb.org/v1/preview/download/file/attachment/DPWG_August_2019.pdf","crossReferences":[{"id":1450815695,"resource":"URL","resourceId":"https://api.pharmgkb.org/v1/preview/download/file/attachment/DPWG_August_2019.pdf","_url":"https://api.pharmgkb.org/v1/preview/download/file/attachment/DPWG_August_2019.pdf"}],"objCls":"Literature","terms":[],"type":"Literature"},
      {"id":15102465,"title":"Dutch Pharmacogenetics Working Group Guidelines November 2018","_sameAs":"https://api.pharmgkb.org/v1/preview/download/file/attachment/DPWG_November_2018.pdf","crossReferences":[{"id":1450415575,"resource":"URL","resourceId":"https://api.pharmgkb.org/v1/preview/download/file/attachment/DPWG_November_2018.pdf","_url":"https://api.pharmgkb.org/v1/preview/download/file/attachment/DPWG_November_2018.pdf"}],"objCls":"Literature","terms":[],"type":"Literature"},
      {"id":15256422,"title":"Dutch Pharmacogenetics Working Group Guidelines November 2025","_sameAs":"https://api.clinpgx.org/v1/preview/download/file/attachment/pharmacogenetic_recommendation_text_20240501_downloaded_111125.pdf","crossReferences":[{"id":1454439720,"resource":"URL","resourceId":"https://api.clinpgx.org/v1/preview/download/file/attachment/pharmacogenetic_recommendation_text_20240501_downloaded_111125.pdf","_url":"https://api.clinpgx.org/v1/preview/download/file/attachment/pharmacogenetic_recommendation_text_20240501_downloaded_111125.pdf"}],"objCls":"Literature","terms":[{"id":1452267780,"resource":"ClinPGx Tags","term":"Has PGx","termId":"pgkbTags:1452267780"}],"type":"Literature"}
    ],
    "otherPrescribingGuidance" : true,
    "pediatric" : false,
    "recommendation" : true,
    "relatedAlleles" : [],
    "relatedChemicals" : [
      {
        "objCls" : "Chemical",
        "id" : "PA449048",
        "name" : "clomipramine",
        "version" : 9
      }
    ],
    "relatedGenes" : [
      {
        "objCls" : "Gene",
        "id" : "PA128",
        "symbol" : "CYP2D6",
        "name" : "cytochrome P450 family 2 subfamily D member 6",
        "version" : 7891
      }
    ],
    "source" : "DPWG",
    "summaryMarkdown" : {
      "id" : 1447981906,
      "html" : "<p>The Dutch Pharmacogenetics Working Group Guideline for clomipramine recommends dose changes and to monitor the effect and side effects and the plasma concentrations to set the maintenance dose for CYP2D6 poor (PM), intermediate (IM) metabolizer, and ultrarapid (UM) metabolizer or to avoid clomipramine in PM and UM.</p>\n",
      "version" : 3
    },
    "terms" : [],
    "textMarkdown" : {
      "id" : 1447981905,
      "html" : "<h3 id=\"dutch-pharmacogenetics-working-group-dpwg-guideline-for-the-gene-drug-interaction-between-cyp2d6-and-cyp2c19-and-tricyclic-antidepressants-european-journal-of-human-genetics-2026\">Dutch Pharmacogenetics Working Group (DPWG) guideline for the gene-drug interaction between CYP2D6 and CYP2C19 and tricyclic antidepressants. <em>European journal of human genetics</em> (2026)</h3>\n<p>The Royal Dutch Pharmacists Association - Pharmacogenetics Working Group published a paper with guidelines for clomipramine and CYP2D6 including Supplementary materials [Article:<a href=\"/pmid/41526670\">41526670</a>]. The recommendations in Table 2 are the same as shown in the table below.</p>\n<h3 id=\"november-2025-update\">November 2025 Update</h3>\n<p>The Royal Dutch Pharmacists Association - Pharmacogenetics Working Group (<a href=\"/page/dpwg\">DPWG</a>) released an updated version of the <a download=\"pharmacogenetic_recommendation_text_20240501_downloaded_111125.pdf\" href=\"https://api.clinpgx.org/v1/download/file/attachment/pharmacogenetic_recommendation_text_20240501_downloaded_111125.pdf\">Pharmacogenetic_recommendation_text</a> dated with 20240501. It includes changes to the wording for the CYP2D6-clomipramine guidelines which are dated within the document as 08-02-2024.</p>\n<p><em>Wording in table taken from the DPWG <a download=\"pharmacogenetic_recommendation_text_20240501_downloaded_111125.pdf\" href=\"https://api.clinpgx.org/v1/download/file/attachment/pharmacogenetic_recommendation_text_20240501_downloaded_111125.pdf\">Pharmacogenetic_recommendation_text</a> accessed 11112025</em></p>\n<table class=\"table\">\n<thead>\n<tr>\n<th>Allele/Genotype/Phenotype</th>\n<th>Drug</th>\n<th>Description</th>\n<th>Recommendation</th>\n</tr>\n</thead>\n<tbody>\n<tr>\n<td>CYP2D6 UM</td>\n<td>clomipramine</td>\n<td>The risk of ineffectiveness and cardiotoxic side effects may be increased. The gene variation leads to reduced plasma concentrations of clomipramine and the active metabolite desmethylclomipramine and to increased concentrations of the potentially cardiotoxic hydroxy metabolites.</td>\n<td>- use 1.5 times the normal dose and monitor the effect and side effects of the plasma concentrations of clomipramine and desmethylclomipramine to set the maintenance dose.<br/>- if a dose increase is not wanted due to potential cardiotoxic hydroxy metabolites: avoid clomipramine. Antidepressants that are not metabolised by CYP2D6, or to a lesser extent, include citalopram and sertraline.</td>\n</tr>\n<tr>\n<td>CYP2D6 IM</td>\n<td>clomipramine</td>\n<td>The risk of side effects may be increased, because the gene variation leads to increased plasma concentrations of clomipramine and the active metabolite desmethylclomipramine.</td>\n<td>- use 70% of the standard dose and monitor the effect and side effects or the plasma concentrations of clomipramine and desmethylclomipramine.</td>\n</tr>\n<tr>\n<td>CYP2D6 PM</td>\n<td>clomipramine</td>\n<td>The risk of side effects may be increased, because the gene variation leads to increased plasma concentrations of clomipramine and the active metabolite desmethylclomipramine.</td>\n<td>- Indication DEPRESSION:<br/>- use 50% of the standard dose and monitor the effect and side effects or the plasma concentrations of clomipramine and desmethylclomipramine in order to set the maintenance dose.<br/>- Indication ANXIETY DISORDERS or OBSESSIVE COMPULSIVE DISORDER:<br/>- if side effects occur: use 50% of the standard dose and monitor the effect and side effects or the plasma concentrations of clomipramine and desmethylclomipramine in order to set the maintenance dose. It is not known whether it is possible to reduce the dose to such an extent that the side effects disappear while the effectiveness is retained. Clomipramine and desmethylclomipramine both contribute to the side effects. Only clomipramine contributes to the effectiveness.<br/>- if dose reduction does not have the desired effect: avoid clomipramine<br/>Antidepressants that are not metabolised by CYP2D6, or to a lesser extent, include citalopram and sertraline.</td>\n</tr>\n</tbody>\n</table>\n<p><a download=\"DPWG_CYP2D6_clomipramine_2373-2375_downloaded_111125.pdf\" href=\"https://api.clinpgx.org/v1/download/file/attachment/DPWG_CYP2D6_clomipramine_2373-2375_downloaded_111125.pdf\">Read for more information about this recommendation</a></p>\n<h4 id=\"preemptive-genotyping\">Preemptive genotyping</h4>\n<p>Excerpts from the <a download=\"DPWG_CYP2D6_clomipramine_2373-2375_downloaded_111125.pdf\" href=\"https://api.clinpgx.org/v1/download/file/attachment/DPWG_CYP2D6_clomipramine_2373-2375_downloaded_111125.pdf\">DPWG risk analysis document</a> for clomipramine and CYP2D6:</p>\n<blockquote class=\"blockquote\">\n<p>The Dutch Pharmacogenetics Working Group considers genotyping before starting clomipramine to be potentially beneficial for the prevention of side effects and for drug efficacy. Genotyping can be considered on an individual patient basis. If, however, the genotype is available, the Dutch Pharmacogenetics Working Group recommends adhering to the gene-drug guideline.</p>\n</blockquote>\n<p><a href=\"/page/dpwgPreemptiveGenotyping\">Read more about how DPWG assigns their recommendations for preemptive genotyping.</a></p>\n<h3 id=\"august-2019-update\">August 2019 Update</h3>\n<p>The Royal Dutch Pharmacists Association - Pharmacogenetics Working Group has evaluated therapeutic dose recommendations for clomipramine based on CYP2D6 genotype. They recommend dose changes and to monitor the effect and side effects and the plasma concentrations to set the maintenance dose for CYP2D6 poor (PM), and intermediate (IM) metabolizer or to avoid clomipramine in PM and ultrarapid (UM) metabolizer.</p>\n<p><em>Wording in table taken from the <a download=\"DPWG_August_2019.pdf\" href=\"https://api.clinpgx.org/v1/download/file/attachment/DPWG_August_2019.pdf\">Dutch guidelines August 2019 update</a></em></p>\n<table class=\"table\">\n<thead>\n<tr>\n<th>Allele/Genotype/Phenotype</th>\n<th>Drug</th>\n<th>Description</th>\n<th>Recommendation</th>\n</tr>\n</thead>\n<tbody>\n<tr>\n<td>CYP2D6 UM</td>\n<td>clomipramine</td>\n<td>The risk of ineffectiveness and cardiotoxic side effects may be increased. The gene variation leads to reduced plasma concentrations of clomipramine and the active metabolite desmethylclomipramine and to increased concentrations of the potentially cardiotoxic hydroxy metabolites.</td>\n<td>Use 1.5 times the standard dose and monitor the effect and side effects of the plasma concentrations of clomipramine and desmethylclomipramine to set the maintenance dose. For depression, the therapeutic range is 200-400 ng/mL for the sum of the plasma concentrations of clomipramine and desmethylclomipramine. For anxiety disorders, the therapeutic plasma concentration of clomipramine is approximately 100 ng/mL, in combination with a plasma concentration of desmethylclomipramine lower than 200 ng/mL. For obsessive compulsive disorder, the therapeutic plasma concentration of clomipramine is higher than 200 ng/mL, in combination with a plasma concentration of desmethylclomipramine that is as low as possible. If a dose increase is not wanted due to potential cardiotoxic hydroxy metabolites: avoid clomipramine. Antidepressants that are not metabolised by CYP2D6, or to a lesser extent, include citalopram and sertraline.</td>\n</tr>\n<tr>\n<td>CYP2D6 IM</td>\n<td>clomipramine</td>\n<td>The risk of side effects may be increased, because the gene variation leads to increased plasma concentrations of clomipramine and the active metabolite desmethylclomipramine.</td>\n<td>Use 70% of the standard dose and monitor the effect and side effects or the plasma concentrations of clomipramine and desmethylclomipramine. For depression, the therapeutic range is 200-400 ng/mL for the sum of the plasma concentrations of clomipramine and desmethylclomipramine. For anxiety disorders, the therapeutic plasma concentration of clomipramine is approximately 100 ng/mL, in combination with a plasma concentration of desmethylclomipramine lower than 200 ng/mLFor obsessive compulsive disorder, the therapeutic plasma concentration of clomipramine is higher than 200 ng/mL, in combination with a plasma concentration of desmethylclomipramine that is as low as possible. A sum of the plasma concentrations of clomipramine and desmethylclomipramine higher than 600 ng/mL is considered toxic.</td>\n</tr>\n<tr>\n<td>CYP2D6 PM</td>\n<td>clomipramine</td>\n<td>The risk of side effects may be increased, because the gene variation leads to increased plasma concentrations of clomipramine and the active metabolite desmethylclomipramine.</td>\n<td>Indication DEPRESSION: use 50% of the standard dose and monitor the effect and side effects or the plasma concentrations of clomipramine and desmethylclomipramine in order to set the maintenance dose. The therapeutic range is 200-400 ng/mL for the sum of the plasma concentrations of clomipramine and desmethylclomipramine. Values higher than 600 ng/mL are considered toxic. Indication ANXIETY DISORDERS or OBSESSIVE COMPULSIVE DISORDER: if side effects occur: use 50% of the standard dose and monitor the effect and side effects or the plasma concentrations of clomipramine and desmethylclomipramine in order to set the maintenance dose. It is not known whether it is possible to reduce the dose to such an extent that the side effects disappear while the effectiveness is retained. Clomipramine and desmethylclomipramine both contribute to the side effects. Only clomipramine contributes to the effectiveness. For anxiety disorders, the therapeutic plasma concentration of clomipramine is approximately 100 ng/mL, in combination with a plasma concentration of desmethylclomipramine lower than 200 ng/mL. For obsessive compulsive disorder, the therapeutic plasma concentration of clomipramine is higher than 200 ng/mL, in combination with a plasma concentration of desmethylclomipramine that is as low as possible. A sum of the plasma concentrations of clomipramine and desmethylclomipramine higher than 600 ng/mL is considered toxic, whilst the therapeutic upper limit for depression is 400 ng/mL. If dose reduction does not have the desired effect: avoid clomipramine. Antidepressants that are not metabolised by CYP2D6, or to a lesser extent, include citalopram and sertraline.</td>\n</tr>\n</tbody>\n</table>\n<p><a download=\"DPWG_CYP2D6_clomipramine_1480-1481-1482.pdf\" href=\"https://api.clinpgx.org/v1/download/file/attachment/DPWG_CYP2D6_clomipramine_1480-1481-1482.pdf\">Read for more information about this recommendation</a>, <a download=\"CYP2D6.pdf\" href=\"https://api.clinpgx.org/v1/download/file/attachment/CYP2D6.pdf\">Read about gene information from DPWG</a></p>\n<h3 id=\"november-2018-update\">November 2018 Update</h3>\n<p>The Royal Dutch Pharmacists Association - Pharmacogenetics Working Group has evaluated therapeutic dose recommendations for clomipramine based on CYP2D6 genotype. They recommend dose changes and to monitor the effect and side effects and the plasma concentrations to set the maintenance dose for CYP2D6 poor (PM), intermediate (IM), and ultrarapid (UM) metabolizer or to avoid clomipramine in PM and UM.</p>\n<p><em>Wording in table taken from <a download=\"DPWG_November_2018.pdf\" href=\"https://api.clinpgx.org/v1/download/file/attachment/DPWG_November_2018.pdf\">Dutch guidelines November 2018 update</a></em></p>\n<table class=\"table\">\n<thead>\n<tr>\n<th>Allele/Genotype/Phenotype</th>\n<th>Drug</th>\n<th>Description</th>\n<th>Recommendation</th>\n</tr>\n</thead>\n<tbody>\n<tr>\n<td>CYP2D6 UM</td>\n<td>clomipramine</td>\n<td>The risk of ineffectiveness and cardiotoxic side effects may be increased. The gene variation leads to reduced plasma concentrations of clomipramine and the active metabolite desmethylclomipramine and to increased concentrations of the potentially cardiotoxic hydroxy metabolites.</td>\n<td>Use 1.5 times the standard dose and monitor the effect and side effects of the plasma concentrations of clomipramine and desmethylclomipramine to set the maintenance dose. For depression, the therapeutic range is 200-400 ng/mL for the sum of the plasma concentrations of clomipramine and desmethylclomipramine. For anxiety disorders, the therapeutic plasma concentration of clomipramine is approximately 100 ng/mL, in combination with a plasma concentration of desmethylclomipramine lower than 200 ng/mL. For obsessive compulsive disorder, the therapeutic plasma concentration of clomipramine is higher than 200 ng/mL, in combination with a plasma concentration of desmethylclomipramine that is as low as possible. If a dose increase is not wanted due to potential cardiotoxic hydroxy metabolites: avoid clomipramine. Antidepressants that are not metabolised by CYP2D6, or to a lesser extent, include citalopram and sertraline.</td>\n</tr>\n<tr>\n<td>CYP2D6 IM</td>\n<td>clomipramine</td>\n<td>The risk of side effects may be increased, because the gene variation leads to increased plasma concentrations of clomipramine and the active metabolite desmethylclomipramine.</td>\n<td>Use 70% of the standard dose and monitor the effect and side effects or the plasma concentrations of clomipramine and desmethylclomipramine. For depression, the therapeutic range is 200-400 ng/mL for the sum of the plasma concentrations of clomipramine and desmethylclomipramine. For anxiety disorders, the therapeutic plasma concentration of clomipramine is approximately 100 ng/mL, in combination with a plasma concentration of desmethylclomipramine lower than 200 ng/mL. For obsessive compulsive disorder, the therapeutic plasma concentration of clomipramine is higher than 200 ng/mL, in combination with a plasma concentration of desmethylclomipramine that is as low as possible. A sum of the plasma concentrations of clomipramine and desmethylclomipramine higher than 600 ng/mL is considered toxic.</td>\n</tr>\n<tr>\n<td>CYP2D6 PM</td>\n<td>clomipramine</td>\n<td>The risk of side effects may be increased, because the gene variation leads to increased plasma concentrations of clomipramine and the active metabolite desmethylclomipramine.</td>\n<td>Indication DEPRESSION: use 50% of the standard dose and monitor the effect and side effects or the plasma concentrations of clomipramine and desmethylclomipramine in order to set the maintenance dose. The therapeutic range is 200-400 ng/mL for the sum of the plasma concentrations of clomipramine and desmethylclomipramine. Values higher than 600 ng/mL are considered toxic. Indication ANXIETY DISORDERS or OBSESSIVE COMPULSIVE DISORDER: if side effects occur: use 50% of the standard dose and monitor the effect and side effects or the plasma concentrations of clomipramine and desmethylclomipramine in order to set the maintenance dose. It is not known whether it is possible to reduce the dose to such an extent that the side effects disappear while the effectiveness is retained. Clomipramine and desmethylclomipramine both contribute to the side effects. Only clomipramine contributes to the effectiveness. For anxiety disorders, the therapeutic plasma concentration of clomipramine is approximately 100 ng/mL, in combination with a plasma concentration of desmethylclomipramine lower than 200 ng/mL. For obsessive compulsive disorder, the therapeutic plasma concentration of clomipramine is higher than 200 ng/mL, in combination with a plasma concentration of desmethylclomipramine that is as low as possible. A sum of the plasma concentrations of clomipramine and desmethylclomipramine higher than 600 ng/mL is considered toxic, whilst the therapeutic upper limit for depression is 400 ng/mL. If dose reduction does not have the desired effect: avoid clomipramine. Antidepressants that are not metabolised by CYP2D6, or to a lesser extent, include citalopram and sertraline.</td>\n</tr>\n</tbody>\n</table>\n<h3 id=\"2011-guideline\">2011 Guideline</h3>\n<p>The Royal Dutch Pharmacists Association - Pharmacogenetics Working Group has evaluated therapeutic dose recommendations for clomipramine based on CYP2D6 genotypes [Article:<a href=\"/pmid/21412232\">21412232</a>].  They recommend lower dose for patients carrying the poor metabolizer (PM) alleles and alternative drug for patients carrying the ultrarapid metabolizer (UM) allleles.</p>\n<table class=\"table\">\n<thead>\n<tr>\n<th>Phenotype (Genotype)</th>\n<th>Therapeutic Dose Recommendation</th>\n<th>Level of Evidence</th>\n<th>Clinical Relevance</th>\n</tr>\n</thead>\n<tbody>\n<tr>\n<td>PM (two inactive (*3-*8, *11-*16, *19-*21, *38, *40, *42) alleles)</td>\n<td>Reduce dose by 50% and monitor (desmethyl) clomipramine plasma concentration.</td>\n<td>Published controlled studies of good quality* relating to phenotyped and/or genotyped patients or healthy volunteers, and having relevant pharmacokinetic or clinical endpoints.</td>\n<td>Clinical effect (S): long-standing discomfort (48-168 hr) without permanent injury e.g. failure of therapy with tricyclic antidepressants, atypical antipsychotic drugs; extrapyramidal side effects; parkinsonism; ADE resulting from increased bioavailability of tricyclic antidepressants, metoprolol, propafenone (central effects e.g. dizziness); INR 4.5-6.0; neutropenia 1.0-1.5x10<sup>9</sup>/l; leucopenia 2.0-3.0x10<sup>9</sup>/l; thrombocytopenia 50-75x10<sup>9</sup>/l.</td>\n</tr>\n<tr>\n<td>IM (two decreased-activity (*9, *10, *17, *29, *36, *41) alleles or carrying one active (*1, *2, *33, *35) and one inactive (*3-*8, *11-*16, *19-*21, *38, *40, *42) allele, or carrying one decreased-activity (*9, *10, *17, *29, *36, *41) allele and one inactive (*3-*8, *11-*16, *19-*21, *38, *40, *42) allele)</td>\n<td>Insufficient data to allow calculation of dose adjustment. Monitor (desmethyl)clomipramine plasma concentration</td>\n<td>Published controlled studies of good quality* relating to phenotyped and/or genotyped patients or healthy volunteers, and having relevant pharmacokinetic or clinical endpoints.</td>\n<td>Clinical effect (S): long-standing discomfort (48-168 hr) without permanent injury e.g. failure of therapy with tricyclic antidepressants, atypical antipsychotic drugs; extrapyramidal side effects; parkinsonism; ADE resulting from increased bioavailability of tricyclic antidepressants, metoprolol, propafenone (central effects e.g. dizziness); INR 4.5-6.0; neutropenia 1.0-1.5x10<sup>9</sup>/l; leucopenia 2.0-3.0x10<sup>9</sup>/l; thrombocytopenia 50-75x10<sup>9</sup>/l.</td>\n</tr>\n<tr>\n<td>UM (a gene duplication in absence of inactive (*3-*8, *11-*16, *19-*21, *38, *40, *42) or decreased-activity (*9, *10, *17, *29, *36, *41) alleles)</td>\n<td>Select alternative drug (e.g., citalopram, sertralin) or monitor (desmethyl)clomipramine plasma concentration.</td>\n<td>Published case reports, well documented, and having relevant pharmacokinetic or clinical endpoints. Well documented case series.</td>\n<td>Clinical effect (S): long-standing discomfort (48-168 hr) without permanent injury e.g. failure of therapy with tricyclic antidepressants, atypical antipsychotic drugs; extrapyramidal side effects; parkinsonism; ADE resulting from increased bioavailability of tricyclic antidepressants, metoprolol, propafenone (central effects e.g. dizziness); INR 4.5-6.0; neutropenia 1.0-1.5x10<sup>9</sup>/l; leucopenia 2.0-3.0x10<sup>9</sup>/l; thrombocytopenia 50-75x10<sup>9</sup>/l.</td>\n</tr>\n</tbody>\n</table>\n<ul>\n<li>*See <a href=\"/page/dpwg\">Methods </a> or [Article:<a href=\"/pmid/18253145\">18253145</a>] for definition of &quot;good quality.&quot;</li>\n<li>S: statistically significant difference.</li>\n<li>Please see attached PDF for detailed information about the evaluated studies: <a download=\"clomipramine_CYP2D6_271111.pdf\" href=\"https://api.clinpgx.org/v1/download/file/attachment/clomipramine_CYP2D6_271111.pdf\">Clomipramine CYP2D6</a></li>\n</ul>\n",
      "version" : 21
    },
    "version" : 38
  }
}