{
  "citations" : [
    {
      "id" : 15312280,
      "title" : "Dutch Pharmacogenetics Working Group (DPWG) guideline for the gene-drug interaction between TPMT/NUDT15 and thiopurines.",
      "_sameAs" : "https://www.ncbi.nlm.nih.gov/pubmed/41318725",
      "authors" : [
        "Coenen Marieke J H",
        "Nijenhuis Marga",
        "Soree Bianca",
        "de Boer-Veger Nienke J",
        "Buunk Anne Marie",
        "Guchelaar Henk-Jan",
        "Houwink Elisa J F",
        "Risselada Arne",
        "Rongen Gerard A P J M",
        "Swen Jesse J",
        "Touw Daan J",
        "van Westrhenen Roos",
        "Deneer Vera H M",
        "van Schaik Ron H N"
      ],
      "crossReferences" : [
        {
          "id" : 1454569125,
          "resource" : "PubMed",
          "resourceId" : "41318725",
          "_url" : "https://www.ncbi.nlm.nih.gov/pubmed/41318725",
          "version" : 0
        },
        {
          "id" : 1454569126,
          "resource" : "DOI",
          "resourceId" : "10.1038/s41431-025-01986-8",
          "_url" : "http://dx.doi.org/10.1038%2Fs41431-025-01986-8",
          "version" : 0
        }
      ],
      "day" : -1,
      "hasKeyword" : true,
      "journal" : "European journal of human genetics : EJHG",
      "meshTerms" : [],
      "month" : 11,
      "nonHuman" : false,
      "objCls" : "Literature",
      "pediatric" : false,
      "pgkbPublication" : false,
      "pubDate" : "2025-11-01T00:00:00-07:00",
      "pubmedMeshTerms" : [],
      "summary" : "The Dutch Pharmacogenetics Working Group (DPWG) describes gene-drug interactions to facilitate pharmacogenetic implementation in clinical practice. The current guideline describes the gene-drug interactions for TPMT, NUDT15 and thiopurines (azathioprine, 6-mercaptopurine and thioguanine). Evidence based recommendations were obtained via a literature review of published studies. This literature review showed that gene variants leading to a decreased activity of TPMT and/or NUDT15 result in higher risk of toxicities, especially bone-marrow depression. For intermediate metabolisers (IM) of TPMT or NUDT15, it is advised to start with 50% of the normal dose when treated with azathioprine or 6-mercaptopurine. For poor metabolisers (PM), it is advised to start with an alternative treatment or to reduce the dose to 10% of the normal dose. For thioguanine, a dose of 75% of the normal dose is advised for TPMT IM and 50% of the normal dose for NUDT15 IM. Alternative treatment or a start dose reduction is advised for PM. A start dose of 6-7% can be used for TPMT PM and of 10% for NUDT15 PM. For TPMT or NUDT15 IM treated for leukaemia, starting with the normal dose can be considered and then decrease the dose to the advised dose described above in case toxicities occur. For NUDT15 PM reduced starting dose is advised only if an alternative is not possible, due to a higher uncertainty in the calculated dose reduction for NUDT15 PM than for TPMT PM.DPWG classifies genotyping for TPMT and NUDT15 \"essential\" before thiopurine initiation.",
      "terms" : [
        {"id":1451577480,"resource":"PGx Paper Types","term":"Implementation","termId":"pgxPaperTypes:1451577480"},
        {"id":1451577482,"resource":"PGx Paper Types","term":"Review","termId":"pgxPaperTypes:1451577482"}
      ],
      "type" : "Literature",
      "version" : 3,
      "year" : 2025
    }
  ],
  "guideline" : {
    "objCls" : "Guideline Annotation",
    "id" : "PA166184613",
    "name" : "Annotation of DPWG Guideline for mercaptopurine and NUDT15",
    "alternateDrugAvailable" : true,
    "cancerGenome" : false,
    "crossReferences" : [],
    "dosingInformation" : true,
    "hasTestingInfo" : true,
    "history" : [
      {
        "id" : 1450821374,
        "date" : "2019-10-08T22:26:21.616-07:00",
        "description" : "August 2019 guidelines",
        "type" : "Update",
        "version" : 0
      },
      {
        "id" : 1450963584,
        "date" : "2020-02-11T06:25:58.977-08:00",
        "description" : "Fixed links to 2019 guideline pdfs.",
        "type" : "Update",
        "version" : 0
      },
      {
        "id" : 1450963585,
        "date" : "2020-02-11T06:28:06.750-08:00",
        "description" : "Changed drug name in table to mercaptopurine from thioguanine",
        "type" : "Update",
        "version" : 0
      },
      {
        "id" : 1451153100,
        "date" : "2020-06-01T12:50:12.977-07:00",
        "description" : "Changes based on May 2020 guideline",
        "type" : "Update",
        "version" : 0
      },
      {
        "id" : 1451704172,
        "date" : "2022-03-03T16:33:21.589-08:00",
        "description" : "Annotation current with May 2021 DPWG Guideline release",
        "type" : "Note",
        "version" : 0
      },
      {
        "id" : 1451707163,
        "date" : "2022-03-08T09:17:00.175-08:00",
        "description" : "Added information about preemptive genotyping",
        "type" : "Update",
        "version" : 0
      },
      {
        "id" : 1451732812,
        "date" : "2022-03-28T09:57:35.295-07:00",
        "description" : "Annotation current with February 2022 DPWG guideline release",
        "type" : "Note",
        "version" : 0
      },
      {
        "id" : 1451733382,
        "date" : "2022-03-28T14:48:12.404-07:00",
        "description" : "Updated link to testing guidance page",
        "type" : "Update",
        "version" : 0
      },
      {
        "id" : 1451741455,
        "date" : "2022-04-05T11:15:57.032-07:00",
        "description" : "Added testing guidance tag",
        "type" : "Update",
        "version" : 0
      },
      {
        "id" : 1451884384,
        "date" : "2022-09-16T10:30:22.768-07:00",
        "description" : "Fixed link to gene information document and added explanatory note",
        "type" : "Update",
        "version" : 0
      },
      {
        "id" : 1452146461,
        "date" : "2023-07-03T13:39:51.123-07:00",
        "description" : "Annotation current with May 2023 DPWG Guideline release",
        "type" : "Note",
        "version" : 0
      },
      {
        "id" : 1452412640,
        "date" : "2024-03-19T06:09:16.849-07:00",
        "description" : "Updated links for risk analysis pdf and preemptive testing page.",
        "type" : "Update",
        "version" : 0
      },
      {
        "id" : 1454247900,
        "date" : "2025-09-08T18:01:18.141-07:00",
        "description" : "updated mercaptopurine to 6-mercaptopurine based on recommendation_text wording accessed 09082025",
        "type" : "Update",
        "version" : 0
      },
      {
        "id" : 1454613800,
        "date" : "2025-12-19T07:50:08.411-08:00",
        "description" : "Added text and link for PMID:41318725",
        "type" : "Update",
        "version" : 0
      }
    ],
    "literature" : [
      {"id":15312280,"title":"Dutch Pharmacogenetics Working Group (DPWG) guideline for the gene-drug interaction between TPMT/NUDT15 and thiopurines.","_sameAs":"https://www.ncbi.nlm.nih.gov/pubmed/41318725","crossReferences":[{"id":1454569125,"resource":"PubMed","resourceId":"41318725","_url":"https://www.ncbi.nlm.nih.gov/pubmed/41318725"},{"id":1454569126,"resource":"DOI","resourceId":"10.1038/s41431-025-01986-8","_url":"http://dx.doi.org/10.1038%2Fs41431-025-01986-8"}],"objCls":"Literature","pubDate":"2025-11-01T00:00:00-07:00","terms":[{"id":1451577480,"resource":"PGx Paper Types","term":"Implementation","termId":"pgxPaperTypes:1451577480"},{"id":1451577482,"resource":"PGx Paper Types","term":"Review","termId":"pgxPaperTypes:1451577482"}],"type":"Literature"},
      {"id":15103288,"title":"Dutch Pharmacogenetics Working Group Guidelines August 2019","_sameAs":"https://api.pharmgkb.org/v1/preview/download/file/attachment/DPWG_August_2019.pdf","crossReferences":[{"id":1450815695,"resource":"URL","resourceId":"https://api.pharmgkb.org/v1/preview/download/file/attachment/DPWG_August_2019.pdf","_url":"https://api.pharmgkb.org/v1/preview/download/file/attachment/DPWG_August_2019.pdf"}],"objCls":"Literature","terms":[],"type":"Literature"},
      {"id":15111722,"title":"Dutch Pharmacogenetics Working Group Guidelines May 2020","_sameAs":"https://www.knmp.nl/downloads/pharmacogenetic-recommendations-may-2020.pdf","crossReferences":[{"id":1451152900,"resource":"URL","resourceId":"https://www.knmp.nl/downloads/pharmacogenetic-recommendations-may-2020.pdf","_url":"https://www.knmp.nl/downloads/pharmacogenetic-recommendations-may-2020.pdf"}],"objCls":"Literature","terms":[],"type":"Literature"},
      {"id":15184982,"title":"Dutch Pharmacogenetics Working Group Guidelines September 2025","_sameAs":"https://api.pharmgkb.org/v1/preview/download/file/attachment/pharmacogenetic_recommendation_text_20240101_downloaded_090825.pdf","crossReferences":[{"id":1454247640,"resource":"URL","resourceId":"https://api.pharmgkb.org/v1/preview/download/file/attachment/pharmacogenetic_recommendation_text_20240101_downloaded_090825.pdf","_url":"https://api.pharmgkb.org/v1/preview/download/file/attachment/pharmacogenetic_recommendation_text_20240101_downloaded_090825.pdf"}],"objCls":"Literature","terms":[{"id":1452267780,"resource":"ClinPGx Tags","term":"Has PGx","termId":"pgkbTags:1452267780"}],"type":"Literature"}
    ],
    "otherPrescribingGuidance" : true,
    "pediatric" : false,
    "recommendation" : true,
    "relatedAlleles" : [],
    "relatedChemicals" : [
      {
        "objCls" : "Chemical",
        "id" : "PA450379",
        "name" : "mercaptopurine",
        "version" : 33
      }
    ],
    "relatedGenes" : [
      {
        "objCls" : "Gene",
        "id" : "PA134963132",
        "symbol" : "NUDT15",
        "name" : "nudix hydrolase 15",
        "version" : 11
      }
    ],
    "source" : "DPWG",
    "summaryMarkdown" : {
      "id" : 1450821371,
      "html" : "<p>Select an alternative drug or reduce the initial dose of mercaptopurine for patients that are NUDT15 poor metabolizers and reduce initial dose for patients that are NUDT15 intermediate metabolizers.</p>\n",
      "version" : 0
    },
    "terms" : [],
    "textMarkdown" : {
      "id" : 1450821372,
      "html" : "<h3 id=\"dutch-pharmacogenetics-working-group-dpwg-guideline-for-the-gene-drug-interaction-between-tpmt-nudt15-and-thiopurines-european-journal-of-human-genetics-2025\">Dutch Pharmacogenetics Working Group (DPWG) guideline for the gene-drug interaction between TPMT/NUDT15 and thiopurines. <em>European journal of human genetics</em> (2025)</h3>\n<p>The Royal Dutch Pharmacists Association - Pharmacogenetics Working Group published a paper with guidelines for mercaptopurine and NUDT15 including Supplementary materials [Article:<a href=\"/pmid/41318725\">41318725</a>]. The recommendations in Table 2 are the same as shown in the table below for September 2025.</p>\n<h3 id=\"september-2025-update\">September 2025 Update</h3>\n<p>The Royal Dutch Pharmacists Association - Pharmacogenetics Working Group (<a href=\"/page/dpwg\">DPWG</a>) released an updated version of the <a download=\"pharmacogenetic_recommendation_text_20240101_downloaded_090825.pdf\" href=\"https://api.clinpgx.org/v1/download/file/attachment/pharmacogenetic_recommendation_text_20240101_downloaded_090825.pdf\">Pharmacogenetic_recommendation_text</a> dated with 20240101. It includes changes to the wording for the TMPT/NUDT15 guidelines. In the NUDT15 azathioprine/6-mercaptopurine section, mercaptopurine was replaced with 6-mercaptopurine. The table below is updated accordingly.</p>\n<h3 id=\"may-2020-guideline\">May 2020 Guideline</h3>\n<p>The Royal Dutch Pharmacists Association - Pharmacogenetics Working Group has evaluated therapeutic dose recommendations for mercaptopurine based on NUDT15 genotype.  They recommend reducing the initial dose for patients that are intermediate metabolizers and selecting an alternative drug or reducing the initial dose for patients that are poor metabolizers. They removed the sentence &quot;Monitoring should be performed at an increased frequency.&quot; from the previous recommendation.</p>\n<p><em>Wording in table taken from the <a download=\"DPWG_May_2020.pdf\" href=\"https://api.clinpgx.org/v1/download/file/attachment/DPWG_May_2020.pdf\">Dutch guidelines May 2020 update</a>.</em></p>\n<table class=\"table\">\n<thead>\n<tr>\n<th>Allele/Genotype/Phenotype</th>\n<th>Drug</th>\n<th>Description</th>\n<th>Recommendation</th>\n</tr>\n</thead>\n<tbody>\n<tr>\n<td>NUDT15 IM</td>\n<td>mercaptopurine</td>\n<td>Grade &gt;= 2 leukopaenia occurs in 42% of these patients with standard therapy. The genetic variation increases the concentration of the fully activated metabolite of azathioprine and 6-mercaptopurine.</td>\n<td>- IMMUNOSUPPRESSION:start with 50% of the standard dose. Adjustment of the initial dose should be performed based on toxicity (monitoring of the blood counts) and efficacy.<br/>Note: The percentage of 50% is based on the analogy with TPMT, for which the gene variants have a comparable effect on toxicity to those of NUDT15. A percentage of &lt; 70% was calculated for NUDT15, but there were insufficient data available to calculate the exact percentage.<br/>Note: Dose adjustment based on the total of 6-TGN metabolites is not possible for these patients, as they develop toxicity within the therapeutic range that applies for patients without gene variants.<br/>- LEUKAEMIA: start at 50% of the standard mercaptopurine dose, or start with the standard dose and reduce to 50% if side effects necessitate a dose reduction. It is not known whether dose reduction in advance results in the same efficacy as dose reduction based on toxicity. Adjustment of the initial dose should be performed based on toxicity (monitoring of the blood counts) and efficacy. Monitoring should be performed at an increased frequency.<br/>Note: The percentage of 50% is based on the analogy with TPMT, for which the gene variants have a comparable effect on toxicity to those of NUDT15. A percentage of &lt; 70% was calculated for NUDT15, but there were insufficient data available to calculate the exact percentage.<br/>Note: Dose adjustment based on the total of 6-TGN metabolites is not possible for these patients, as they develop toxicity within the therapeutic range that applies for patients without gene variants.<br/>Note: more stringent dose reductions are necessary if the patient is also TPMT IM or TPMT PM.</td>\n</tr>\n<tr>\n<td>NUDT15 PM</td>\n<td>mercaptopurine</td>\n<td>Grade &gt;= 2 leukopaenia occurs in 96% of these patients with standard therapy. The genetic variation increases the concentration of the fully activated metabolite of azathioprine and 6-mercaptopurine.</td>\n<td>- avoid azathioprine and 6-mercaptopurine.  If it is not possible to avoid azathioprine and mercaptopurine: use 10% of the standard dose and advise patients to seek medical attention when symptoms of myelosuppression (such as severe sore throat in combination with fever, regular nosebleeds and tendency to bruising) occur. Any adjustment of the initial dose should be guided by toxicity (monitoring of blood counts) and efficacy.<br/>Note: The percentage of 10% is based on the analogy with TPMT, for which the gene variants have a comparable effect on toxicity to those of NUDT15. A percentage of &lt; 20% was calculated for NUDT15 PM, but there were insufficient data available to calculate the exact percentage.<br/>Note: Dose adjustment based on the total of 6-TGN metabolites is not possible for these patients, as they develop toxicity within the therapeutic range that applies for patients without gene variants.</td>\n</tr>\n</tbody>\n</table>\n<p><a download=\"DPWG_NUDT15_azathioprine_6-mercaptopurine_7035-7036.pdf\" href=\"https://api.clinpgx.org/v1/download/file/attachment/DPWG_NUDT15_azathioprine_6-mercaptopurine_7035-7036.pdf\">Read for more information about this recommendation</a>, <a download=\"nudt15_english_2023.pdf\" href=\"https://api.clinpgx.org/v1/download/file/attachment/nudt15_english_2023.pdf\">Read about gene information from DPWG</a></p>\n<h4 id=\"preemptive-genotyping\">Preemptive genotyping</h4>\n<p>Excerpts from the <a download=\"DPWG_NUDT15_azathioprine_6-mercaptopurine_7035-7036.pdf\" href=\"https://api.clinpgx.org/v1/download/file/attachment/DPWG_NUDT15_azathioprine_6-mercaptopurine_7035-7036.pdf\">DPWG risk analysis document</a> for azathioprine and NUDT15:</p>\n<blockquote class=\"blockquote\">\n<p>The Dutch Pharmacogenetics Working Group considers genotyping before starting azathioprine or 6-mercaptopurine to be essential for drug safety. Genotyping must be performed before drug therapy has been initiated to guide drug and dose selection.</p>\n</blockquote>\n<p><a href=\"/page/dpwgPreemptiveGenotyping\">Read more about how DPWG assigns their recommendations for preemptive genotyping.</a></p>\n<h3 id=\"august-2019-guideline\">August 2019 Guideline</h3>\n<p>The Royal Dutch Pharmacists Association - Pharmacogenetics Working Group has evaluated therapeutic dose recommendations for mercaptopurine based on NUDT15 genotype.  They recommend reducing the initial dose for patients that are intermediate metabolizers and selecting an alternative drug or reducing the initial dose for patients that are poor metabolizers. They updated the wording for the intermediate metabolizer recommendation, reflected in the table below.</p>\n<p><em>Wording in table taken from the <a download=\"DPWG_August_2019.pdf\" href=\"https://api.clinpgx.org/v1/download/file/attachment/DPWG_August_2019.pdf\">Dutch guidelines August 2019 update</a>.</em></p>\n<table class=\"table\">\n<thead>\n<tr>\n<th>Allele/Genotype/Phenotype</th>\n<th>Drug</th>\n<th>Description</th>\n<th>Recommendation</th>\n</tr>\n</thead>\n<tbody>\n<tr>\n<td>NUDT15 IM</td>\n<td>mercaptopurine</td>\n<td>Grade = 2 leukopaenia occurs in 42% of these patients with standard therapy. The genetic variation increases the concentration of the fully activated metabolite of azathioprine and mercaptopurine.</td>\n<td>- IMMUNOSUPPRESSION:start with 50% of the standard dose. Adjustment of the initial dose should be performed based on toxicity (monitoring of the blood counts) and efficacy. Monitoring should be performed at an increased frequency.<br/>Note: The percentage of 50% is based on the analogy with TPMT, for which the gene variants have a comparable effect on toxicity to those of NUDT15. A percentage of &lt; 70% was calculated for NUDT15, but there were insufficient data available to calculate the exact percentage.<br/>Note: Dose adjustment based on the total of 6-TGN metabolites is not possible for these patients, as they develop toxicity within the therapeutic range that applies for patients without gene variants.<br/>- LEUKAEMIA: start at 50% of the standard mercaptopurine dose, or start with the standard dose and reduce to 50% if side effects necessitate a dose reduction. It is not known whether dose reduction in advance results in the same efficacy as dose reduction based on toxicity. Adjustment of the initial dose should be performed based on toxicity (monitoring of the blood counts) and efficacy. Monitoring should be performed at an increased frequency.<br/>Note: The percentage of 50% is based on the analogy with TPMT, for which the gene variants have a comparable effect on toxicity to those of NUDT15. A percentage of &lt; 70% was calculated for NUDT15, but there were insufficient data available to calculate the exact percentage.<br/>Note: Dose adjustment based on the total of 6-TGN metabolites is not possible for these patients, as they develop toxicity within the therapeutic range that applies for patients without gene variants.<br/>Note: more stringent dose reductions are necessary if the patient is also TPMT IM.</td>\n</tr>\n<tr>\n<td>NUDT15 PM</td>\n<td>mercaptopurine</td>\n<td>Grade = 2 leukopaenia occurs in 96% of these patients with standard therapy. The genetic variation increases the concentration of the fully activated metabolite of azathioprine and mercaptopurine.</td>\n<td>- avoid azathioprine and mercaptopurine.  If it is not possible to avoid azathioprine and mercaptopurine: use 10% of the standard dose and advise patients to seek medical attention when symptoms of myelosuppression (such as severe sore throat in combination with fever, regular nosebleeds and tendency to bruising) occur. Any adjustment of the initial dose should be guided by toxicity (monitoring of blood counts) and efficacy. Monitoring should be performed at an increased frequency.<br/>Note: The percentage of 10% is based on the analogy with TPMT, for which the gene variants have a comparable effect on toxicity to those of NUDT15. A percentage of &lt; 20% was calculated for NUDT15 PM, but there were insufficient data available to calculate the exact percentage.<br/>Note: Dose adjustment based on the total of 6-TGN metabolites is not possible for these patients, as they develop toxicity within the therapeutic range that applies for patients without gene variants.</td>\n</tr>\n</tbody>\n</table>\n",
      "version" : 11
    },
    "version" : 16
  }
}